{
  "utils/locate-reuse-libs-dbg.js": 1638518251000,
  "test/changes_loader.js": 1638518251000,
  "utils/locate-reuse-libs.js": 1638518251000,
  "test/changes_preview.js": 1638518251000,
  "manifest.json": 1644319163250,
  "localService/mockserver.js": 1638518251000,
  "Component.js": 1638518251000,
  "manifest-bundle.zip": 1644495108104,
  "Component-preload.js": 1644495109462,
  "Component-dbg.js": 1638518251000,
  "test/changes_loader-dbg.js": 1638518251000,
  "i18n/i18n.properties": 1644489586649,
  "localService/mockserver-dbg.js": 1638518251000,
  "test/changes_preview-dbg.js": 1638518251000,
  "test/flpSandboxMockServer.html": 1638518251000,
  "test/flpSandbox.html": 1638518251000,
  "localService/metadata.xml": 1644319163242,
  "localService/mainService_Annotation.xml": 1644319163246,
  "annotations/annotation.xml": 1644489570193,
  "index.html": 1638518251000
}