<edmx:Edmx xmlns:edmx="http://docs.oasis-open.org/odata/ns/edmx" Version="4.0">
    <edmx:Reference Uri="https://sap.github.io/odata-vocabularies/vocabularies/Common.xml">
        <edmx:Include Namespace="com.sap.vocabularies.Common.v1" Alias="Common" />
    </edmx:Reference>
    <edmx:Reference Uri="https://sap.github.io/odata-vocabularies/vocabularies/UI.xml">
        <edmx:Include Namespace="com.sap.vocabularies.UI.v1" Alias="UI" />
    </edmx:Reference>
    <edmx:Reference Uri="https://sap.github.io/odata-vocabularies/vocabularies/Communication.xml">
        <edmx:Include Namespace="com.sap.vocabularies.Communication.v1" Alias="Communication" />
    </edmx:Reference>
    <edmx:Reference Uri="/sap/opu/odata/sap/ZC_INBOUND_Q1_CDS/$metadata">
        <edmx:Include Namespace="ZC_INBOUND_Q1_CDS" />
    </edmx:Reference>
    <edmx:DataServices>
        <Schema xmlns="http://docs.oasis-open.org/odata/ns/edm" Namespace="smcl.sf.wm.zz1_wm_inbdq1">
            <Annotations Target="ZC_INBOUND_Q1_CDS.ZC_INBOUND_Q1Type">
                <Annotation Term="UI.SelectionFields">
                    <Collection>
                        <PropertyPath>WhseTo</PropertyPath>
                        <PropertyPath>Division</PropertyPath>
                        <PropertyPath>Supplier</PropertyPath>
                        <PropertyPath>YearMonth</PropertyPath>
                        <PropertyPath>PurchaseOrder</PropertyPath>
                        <PropertyPath>DeliveryDocument</PropertyPath>
                    </Collection>
                </Annotation>
                <Annotation Term="UI.Chart">
                    <Record Type="UI.ChartDefinitionType">
                        <PropertyValue Property="Title" String="{@i18n>whInboundPerformanceFiori}" />
                        <PropertyValue Property="Description" String="{@i18n>whInboundPerformanceScorecard}" />
                        <PropertyValue Property="ChartType" EnumMember="UI.ChartType/Column" />
                        <PropertyValue Property="Dimensions">
                            <Collection>
                                <PropertyPath>YearMonth</PropertyPath>
                            </Collection>
                        </PropertyValue>
                        <PropertyValue Property="Measures">
                            <Collection>
                                <PropertyPath>OnTimeCnt</PropertyPath>
                                <PropertyPath>SameCnt</PropertyPath>
                                <PropertyPath>LateCnt</PropertyPath>
                                <PropertyPath>Late1D</PropertyPath>
                                <!-- <PropertyPath>Late2D</PropertyPath> -->
                                <PropertyPath>Late3D7</PropertyPath>
                            </Collection>
                        </PropertyValue>
                    </Record>
                </Annotation>
                <Annotation Term="UI.LineItem">
                    <Collection>
                        <Record Type="UI.DataField">
                            <PropertyValue Property="Value" Path="WhseTo" />
                            <Annotation Term="UI.Importance" EnumMember="UI.ImportanceType/High" />
                        </Record>
                        <Record Type="UI.DataField">
                            <PropertyValue Property="Value" Path="PurchaseOrderItem" />
                            <Annotation Term="UI.Importance" EnumMember="UI.ImportanceType/High" />
                        </Record>
                        <Record Type="UI.DataField">
                            <PropertyValue Property="Value" Path="PurchaseOrder" />
                            <Annotation Term="UI.Importance" EnumMember="UI.ImportanceType/High" />
                        </Record>
                        <Record Type="UI.DataField">
                            <PropertyValue Property="Value" Path="YearMonth" />
                            <Annotation Term="UI.Importance" EnumMember="UI.ImportanceType/High" />
                        </Record>
                        <Record Type="UI.DataField">
                            <PropertyValue Property="Value" Path="DeliveryDocument"> </PropertyValue>
                            <Annotation Term="UI.Importance" EnumMember="UI.ImportanceType/High" />
                        </Record>
                        <Record Type="UI.DataField">
                            <PropertyValue Property="Label" String="{@i18n>ActualDeliveryQuantity}"> </PropertyValue>
                            <PropertyValue Property="Value" Path="ActualDeliveryQuantity_F" />
                            <Annotation Term="UI.Importance" EnumMember="UI.ImportanceType/High" />
                        </Record>
                        <Record Type="UI.DataField">
                            <PropertyValue Property="Label" String="{@i18n>FromTS}"> </PropertyValue>
                            <PropertyValue Property="Value" Path="FromTS"> </PropertyValue>
                            <Annotation Term="UI.Importance" EnumMember="UI.ImportanceType/High" />
                        </Record>
                        <Record Type="UI.DataField">
                            <PropertyValue Property="Label" String="{@i18n>ToTS}"> </PropertyValue>
                            <PropertyValue Property="Value" Path="ToTS"> </PropertyValue>
                            <Annotation Term="UI.Importance" EnumMember="UI.ImportanceType/High" />
                        </Record>
                        <Record Type="UI.DataField">
                            <PropertyValue Property="Label" String="{@i18n>OnTimeCnt}"> </PropertyValue>
                            <PropertyValue Property="Value" Path="OnTimeCnt_F" />
                            <Annotation Term="UI.Importance" EnumMember="UI.ImportanceType/High" />
                        </Record>
                        <Record Type="UI.DataField">
                            <PropertyValue Property="Label" String="{@i18n>OnTimePct}"> </PropertyValue>
                            <PropertyValue Property="Value" Path="OnTimePct_F"> </PropertyValue>
                            <Annotation Term="UI.Importance" EnumMember="UI.ImportanceType/High" />
                        </Record>
                        <Record Type="UI.DataField">
                            <PropertyValue Property="Label" String="{@i18n>SameCnt}"> </PropertyValue>
                            <PropertyValue Property="Value" Path="SameCnt_F" />
                            <Annotation Term="UI.Importance" EnumMember="UI.ImportanceType/High" />
                        </Record>
                        <Record Type="UI.DataField">
                            <PropertyValue Property="Label" String="{@i18n>SamePct}"> </PropertyValue>
                            <PropertyValue Property="Value" Path="SamePct_F" />
                            <Annotation Term="UI.Importance" EnumMember="UI.ImportanceType/High" />
                        </Record>
                        <Record Type="UI.DataField">
                            <PropertyValue Property="Label" String="{@i18n>Late1D}"> </PropertyValue>
                            <PropertyValue Property="Value" Path="Late1D_F" />
                            <Annotation Term="UI.Importance" EnumMember="UI.ImportanceType/High" />
                        </Record>
                        <Record Type="UI.DataField">
                            <PropertyValue Property="Label" String="{@i18n>Late1DPct}"> </PropertyValue>
                            <PropertyValue Property="Value" Path="Late1DPct_F" />
                            <Annotation Term="UI.Importance" EnumMember="UI.ImportanceType/High" />
                        </Record>
                        <!-- <Record Type="UI.DataField">
                            <PropertyValue Property="Value" Path="Late2D_F" />
                            <Annotation Term="UI.Importance" EnumMember="UI.ImportanceType/High" />
                        </Record> -->
                        <!-- <Record Type="UI.DataField">
                            <PropertyValue Property="Value" Path="Late2DPct_F" />
                            <Annotation Term="UI.Importance" EnumMember="UI.ImportanceType/High" />
                        </Record> -->
                        <Record Type="UI.DataField">
                            <PropertyValue Property="Label" String="{@i18n>Late3D7}"> </PropertyValue>
                            <PropertyValue Property="Value" Path="Late3D7_F" />
                            <Annotation Term="UI.Importance" EnumMember="UI.ImportanceType/High" />
                        </Record>
                        <Record Type="UI.DataField">
                            <PropertyValue Property="Label" String="{@i18n>Late3D7Pct}"> </PropertyValue>
                            <PropertyValue Property="Value" Path="Late3D7Pct_F" />
                            <Annotation Term="UI.Importance" EnumMember="UI.ImportanceType/High" />
                        </Record>
                        <Record Type="UI.DataField">
                            <PropertyValue Property="Label" String="{@i18n>Late8D}"> </PropertyValue>
                            <PropertyValue Property="Value" Path="Late8D_F" />
                            <Annotation Term="UI.Importance" EnumMember="UI.ImportanceType/High" />
                        </Record>
                        <Record Type="UI.DataField">
                            <PropertyValue Property="Label" String="{@i18n>Late8DPct}"> </PropertyValue>
                            <PropertyValue Property="Value" Path="Late8DPct_F" />
                            <Annotation Term="UI.Importance" EnumMember="UI.ImportanceType/High" />
                        </Record>
                        <Record Type="UI.DataField">
                            <PropertyValue Property="Label" String="{@i18n>DaysLate}"> </PropertyValue>
                            <PropertyValue Property="Value" Path="DaysLate_F" />
                            <Annotation Term="UI.Importance" EnumMember="UI.ImportanceType/High" />
                        </Record>
                        <Record Type="UI.DataField">
                            <PropertyValue Property="Label" String="{@i18n>LateCnt}"> </PropertyValue>
                            <PropertyValue Property="Value" Path="LateCnt_F" />
                            <Annotation Term="UI.Importance" EnumMember="UI.ImportanceType/High" />
                        </Record>
                        <Record Type="UI.DataField">
                            <PropertyValue Property="Label" String="{@i18n>LatePct}"> </PropertyValue>
                            <PropertyValue Property="Value" Path="LatePct_F" />
                            <Annotation Term="UI.Importance" EnumMember="UI.ImportanceType/High" />
                        </Record>
                        <Record Type="UI.DataField">
                            <PropertyValue Property="Label" String="{@i18n>No_PODCnt}"> </PropertyValue>
                            <PropertyValue Property="Value" Path="No_PODCnt_F" />
                            <Annotation Term="UI.Importance" EnumMember="UI.ImportanceType/High" />
                        </Record>
                        <!-- <Record Type="UI.DataField">
                            <PropertyValue Property="Value" Path="Supplier" />
                            <Annotation Term="UI.Importance" EnumMember="UI.ImportanceType/High" />
                        </Record> -->
                        <!-- <Record Type="UI.DataField">
                            <PropertyValue Property="Value" Path="PurchaseOrderType" />
                            <Annotation Term="UI.Importance" EnumMember="UI.ImportanceType/High" />
                        </Record> -->
                        <Record Type="UI.DataField">
                            <PropertyValue Property="Value" Path="ScheduleLineDeliveryDate_T" />
                            <Annotation Term="UI.Importance" EnumMember="UI.ImportanceType/High" />
                        </Record>
                        <Record Type="UI.DataField">
                            <PropertyValue Property="Value" Path="ActualGoodsMovementDate_T" />
                            <Annotation Term="UI.Importance" EnumMember="UI.ImportanceType/High" />
                        </Record>
                        <Record Type="UI.DataField">
                            <PropertyValue Property="Value" Path="ActualDeliveryQuantity" />
                            <Annotation Term="UI.Importance" EnumMember="UI.ImportanceType/High" />
                        </Record>
                        <!-- <Record Type="UI.DataField">
                            <PropertyValue Property="Value" Path="OrderQuantity" />
                            <Annotation Term="UI.Importance" EnumMember="UI.ImportanceType/High" />
                        </Record> -->
                        <!-- <Record Type="UI.DataField">
                            <PropertyValue Property="Value" Path="POItmWeight" />
                            <PropertyValue Property="Label" String="{@i18n>poitmWeight}" />
                            <Annotation Term="UI.Importance" EnumMember="UI.ImportanceType/High" />
                        </Record> -->
                        <Record Type="UI.DataField">
                            <PropertyValue Property="Value" Path="Late1D" />
                            <Annotation Term="UI.Importance" EnumMember="UI.ImportanceType/High" />
                        </Record>
                        <Record Type="UI.DataField">
                            <PropertyValue Property="Value" Path="Late1DPct" />
                            <Annotation Term="UI.Importance" EnumMember="UI.ImportanceType/High" />
                        </Record>
                        <!-- <Record Type="UI.DataField">
                            <PropertyValue Property="Value" Path="Late2D" />
                            <Annotation Term="UI.Importance" EnumMember="UI.ImportanceType/High" />
                        </Record> -->
                        <!-- <Record Type="UI.DataField">
                            <PropertyValue Property="Value" Path="Late2DPct" />
                            <Annotation Term="UI.Importance" EnumMember="UI.ImportanceType/High" />
                        </Record> -->
                        <Record Type="UI.DataField">
                            <PropertyValue Property="Value" Path="Late3D7" />
                            <Annotation Term="UI.Importance" EnumMember="UI.ImportanceType/High" />
                        </Record>
                        <Record Type="UI.DataField">
                            <PropertyValue Property="Value" Path="Late3D7Pct" />
                            <Annotation Term="UI.Importance" EnumMember="UI.ImportanceType/High" />
                        </Record>
                        <Record Type="UI.DataField">
                            <PropertyValue Property="Value" Path="LateCnt" />
                            <Annotation Term="UI.Importance" EnumMember="UI.ImportanceType/High" />
                        </Record>
                        <Record Type="UI.DataField">
                            <PropertyValue Property="Value" Path="LatePct" />
                            <Annotation Term="UI.Importance" EnumMember="UI.ImportanceType/High" />
                        </Record>
                        <!-- <Record Type="UI.DataField">
                            <PropertyValue Property="Value" Path="LineCount" />
                            <Annotation Term="UI.Importance" EnumMember="UI.ImportanceType/High" />
                        </Record> -->
                        <Record Type="UI.DataField">
                            <PropertyValue Property="Value" Path="OnTimeCnt" />
                            <Annotation Term="UI.Importance" EnumMember="UI.ImportanceType/High" />
                        </Record>
                        <Record Type="UI.DataField">
                            <PropertyValue Property="Value" Path="OnTimePct"> </PropertyValue>
                            <Annotation Term="UI.Importance" EnumMember="UI.ImportanceType/High" />
                        </Record>
                        <Record Type="UI.DataField">
                            <PropertyValue Property="Value" Path="Late8D" />
                            <Annotation Term="UI.Importance" EnumMember="UI.ImportanceType/High" />
                        </Record>
                        <Record Type="UI.DataField">
                            <PropertyValue Property="Value" Path="Late8DPct" />
                            <Annotation Term="UI.Importance" EnumMember="UI.ImportanceType/High" />
                        </Record>
                        <Record Type="UI.DataField">
                            <PropertyValue Property="Value" Path="SameCnt" />
                            <Annotation Term="UI.Importance" EnumMember="UI.ImportanceType/High" />
                        </Record>
                        <Record Type="UI.DataField">
                            <PropertyValue Property="Value" Path="DaysLate"> </PropertyValue>
                            <Annotation Term="UI.Importance" EnumMember="UI.ImportanceType/High" />
                        </Record>
                        <Record Type="UI.DataField">
                            <PropertyValue Property="Value" Path="SamePct" />
                            <Annotation Term="UI.Importance" EnumMember="UI.ImportanceType/High" />
                        </Record>
                        <Record Type="UI.DataField">
                            <PropertyValue Property="Value" Path="DaysLate" />
                            <Annotation Term="UI.Importance" EnumMember="UI.ImportanceType/High" />
                        </Record>
                        <Record Type="UI.DataField">
                            <PropertyValue Property="Value" Path="No_PODCnt" />
                            <Annotation Term="UI.Importance" EnumMember="UI.ImportanceType/High" />
                        </Record>
                        <Record Type="UI.DataField">
                            <PropertyValue Property="Label" String="{@i18n>AvgDaysLate}" > </PropertyValue>
                            <PropertyValue Property="Value" Path="AvgDaysLate_F"> </PropertyValue>
                            <Annotation Term="UI.Importance" EnumMember="UI.ImportanceType/High" />
                        </Record>
                        <Record Type="UI.DataField">
                            <PropertyValue Property="Label" String="{@i18n>MAReturnCnt}" > </PropertyValue>
                            <PropertyValue Property="Value" Path="MAReturnCnt_F"> </PropertyValue>
                            <Annotation Term="UI.Importance" EnumMember="UI.ImportanceType/High" />
                        </Record>
                        <Record Type="UI.DataField">
                            <PropertyValue Property="Value" Path="AvgDaysLate"> </PropertyValue>
                            <Annotation Term="UI.Importance" EnumMember="UI.ImportanceType/High" />
                        </Record>
                        <Record Type="UI.DataField">
                            <PropertyValue Property="Value" Path="MAReturnCnt"> </PropertyValue>
                            <Annotation Term="UI.Importance" EnumMember="UI.ImportanceType/High" />
                        </Record>
                    </Collection>
                </Annotation>
            </Annotations>
        </Schema>
    </edmx:DataServices>
</edmx:Edmx>
